date,content
2021-01-01,吾輩《わがはい》は猫である。名前はまだ無い。
2021-01-02,どこで生れたかとんと見当《けんとう》がつかぬ。
2021-01-03,何でも薄暗いじめじめした所でニャーニャー泣いていた事だけは記憶している。
2021-01-04,吾輩はここで始めて人間というものを見た。
2021-01-05,しかもあとで聞くとそれは書生という人間中で一番｜獰悪《どうあく》な種族であったそうだ。
2021-01-06,この書生というのは時々我々を捕《つかま》えて煮《に》て食うという話である。
2021-01-07,しかしその当時は何という考もなかったから別段恐しいとも思わなかった。
2021-01-08,ただ彼の掌《てのひら》に載せられてスーと持ち上げられた時何だかフワフワした感じがあったばかりである。
2021-01-09,掌の上で少し落ちついて書生の顔を見たのがいわゆる人間というものの見始《みはじめ》であろう。
2021-01-10,この時妙なものだと思った感じが今でも残っている。
2021-01-11,第一毛をもって装飾されべきはずの顔がつるつるしてまるで薬缶《やかん》だ。
2021-01-12,その後《ご》猫にもだいぶ逢《あ》ったがこんな片輪《かたわ》には一度も出会《でく》わした事がない。
2021-01-13,のみならず顔の真中があまりに突起している。
2021-01-14,そうしてその穴の中から時々ぷうぷうと煙《けむり》を吹く。
2021-01-15,どうも咽《む》せぽくて実に弱った。
2021-01-16,これが人間の飲む煙草《たばこ》というものである事はようやくこの頃知った。
2021-01-17,この書生の掌の裏《うち》でしばらくはよい心持に坐っておったが、しばらくすると非常な速力で運転し始めた。
2021-01-18,書生が動くのか自分だけが動くのか分らないが無暗《むやみ》に眼が廻る。
2021-01-19,胸が悪くなる。
2021-01-20,到底《とうてい》助からないと思っていると、どさりと音がして眼から火が出た。
2021-01-21,それまでは記憶しているがあとは何の事やらいくら考え出そうとしても分らない。
2021-01-22,ふと気が付いて見ると書生はいない。
2021-01-23,たくさんおった兄弟が一｜疋《ぴき》も見えぬ。
2021-01-24,肝心《かんじん》の母親さえ姿を隠してしまった。
2021-01-25,その上｜今《いま》までの所とは違って無暗《むやみ》に明るい。
2021-01-26,眼を明いていられぬくらいだ。
2021-01-27,はてな何でも容子《ようす》がおかしいと、のそのそ這《は》い出して見ると非常に痛い。
2021-01-28,吾輩は藁《わら》の上から急に笹原の中へ棄てられたのである。
2021-01-29,ようやくの思いで笹原を這い出すと向うに大きな池がある。
2021-01-30,吾輩は池の前に坐ってどうしたらよかろうと考えて見た。
2021-01-31,別にこれという分別《ふんべつ》も出ない。
2021-02-01,しばらくして泣いたら書生がまた迎に来てくれるかと考え付いた。
2021-02-02,ニャー、ニャーと試みにやって見たが誰も来ない。
2021-02-03,そのうち池の上をさらさらと風が渡って日が暮れかかる。
2021-02-04,腹が非常に減って来た。
2021-02-05,泣きたくても声が出ない。
2021-02-06,仕方がない、何でもよいから食物《くいもの》のある所まであるこうと決心をしてそろりそろりと池を左《ひだ》りに廻り始めた。
2021-02-07,どうも非常に苦しい。
2021-02-08,そこを我慢して無理やりに這《は》って行くとようやくの事で何となく人間臭い所へ出た。
2021-02-09,ここへ這入《はい》ったら、どうにかなると思って竹垣の崩《くず》れた穴から、とある邸内にもぐり込んだ。
2021-02-10,縁は不思議なもので、もしこの竹垣が破れていなかったなら、吾輩はついに路傍《ろぼう》に餓死《がし》したかも知れんのである。
2021-02-11,一樹の蔭とはよく云《い》ったものだ。
2021-02-12,この垣根の穴は今日《こんにち》に至るまで吾輩が隣家《となり》の三毛を訪問する時の通路になっている。
2021-02-13,さて邸《やしき》へは忍び込んだもののこれから先どうして善《い》いか分らない。
2021-02-14,そのうちに暗くなる、腹は減る、寒さは寒し、雨が降って来るという始末でもう一刻の猶予《ゆうよ》が出来なくなった。
2021-02-15,仕方がないからとにかく明るくて暖かそうな方へ方へとあるいて行く。
2021-02-16,今から考えるとその時はすでに家の内に這入っておったのだ。
2021-02-17,ここで吾輩は彼《か》の書生以外の人間を再び見るべき機会に遭遇《そうぐう》したのである。
2021-02-18,第一に逢ったのがおさんである。
2021-02-19,これは前の書生より一層乱暴な方で吾輩を見るや否やいきなり頸筋《くびすじ》をつかんで表へ抛《ほう》り出した。
2021-02-20,いやこれは駄目だと思ったから眼をねぶって運を天に任せていた。
2021-02-21,しかしひもじいのと寒いのにはどうしても我慢が出来ん。
2021-02-22,吾輩は再びおさんの隙《すき》を見て台所へ這《は》い上《あが》った。
2021-02-23,すると間もなくまた投げ出された。
2021-02-24,吾輩は投げ出されては這い上り、這い上っては投げ出され、何でも同じ事を四五遍繰り返したのを記憶している。
2021-02-25,その時におさんと云う者はつくづくいやになった。
2021-02-26,この間おさんの三馬《さんま》を偸《ぬす》んでこの返報をしてやってから、やっと胸の痞《つかえ》が下りた。
2021-02-27,吾輩が最後につまみ出されようとしたときに、この家《うち》の主人が騒々しい何だといいながら出て来た。
2021-02-28,下女は吾輩をぶら下げて主人の方へ向けてこの宿《やど》なしの小猫がいくら出しても出しても御台所《おだいどころ》へ上《あが》って来て困りますという。
2021-03-01,主人は鼻の下の黒い毛を撚《ひね》りながら吾輩の顔をしばらく眺《なが》めておったが、やがてそんなら内へ置いてやれといったまま奥へ這入《はい》ってしまった。
2021-03-02,主人はあまり口を聞かぬ人と見えた。
2021-03-03,下女は口惜《くや》しそうに吾輩を台所へ抛《ほう》り出した。
2021-03-04,かくして吾輩はついにこの家《うち》を自分の住家《すみか》と極《き》める事にしたのである。
2021-03-06,吾輩の主人は滅多《めった》に吾輩と顔を合せる事がない。
2021-03-07,職業は教師だそうだ。
2021-03-08,学校から帰ると終日書斎に這入ったぎりほとんど出て来る事がない。
2021-03-09,家のものは大変な勉強家だと思っている。
2021-03-10,当人も勉強家であるかのごとく見せている。
2021-03-11,しかし実際はうちのものがいうような勤勉家ではない。
2021-03-12,吾輩は時々忍び足に彼の書斎を覗《のぞ》いて見るが、彼はよく昼寝《ひるね》をしている事がある。
2021-03-13,時々読みかけてある本の上に涎《よだれ》をたらしている。
2021-03-14,彼は胃弱で皮膚の色が淡黄色《たんこうしょく》を帯びて弾力のない不活溌《ふかっぱつ》な徴候をあらわしている。
2021-03-15,その癖に大飯を食う。
2021-03-16,大飯を食った後《あと》でタカジヤスターゼを飲む。
2021-03-17,飲んだ後で書物をひろげる。
2021-03-18,二三ページ読むと眠くなる。
2021-03-19,涎を本の上へ垂らす。
2021-03-20,これが彼の毎夜繰り返す日課である。
2021-03-21,吾輩は猫ながら時々考える事がある。
2021-03-22,教師というものは実に楽《らく》なものだ。
2021-03-23,人間と生れたら教師となるに限る。
2021-03-24,こんなに寝ていて勤まるものなら猫にでも出来ぬ事はないと。
2021-03-25,それでも主人に云わせると教師ほどつらいものはないそうで彼は友達が来る度《たび》に何とかかんとか不平を鳴らしている。
2021-03-27,吾輩がこの家へ住み込んだ当時は、主人以外のものにははなはだ不人望であった。
2021-03-28,どこへ行っても跳《は》ね付けられて相手にしてくれ手がなかった。
2021-03-29,いかに珍重されなかったかは、今日《こんにち》に至るまで名前さえつけてくれないのでも分る。
2021-03-30,吾輩は仕方がないから、出来得る限り吾輩を入れてくれた主人の傍《そば》にいる事をつとめた。
2021-03-31,朝主人が新聞を読むときは必ず彼の膝《ひざ》の上に乗る。
2021-04-01,彼が昼寝をするときは必ずその背中《せなか》に乗る。
2021-04-02,これはあながち主人が好きという訳ではないが別に構い手がなかったからやむを得んのである。
2021-04-03,その後いろいろ経験の上、朝は飯櫃《めしびつ》の上、夜は炬燵《こたつ》の上、天気のよい昼は椽側《えんがわ》へ寝る事とした。
2021-04-04,しかし一番心持の好いのは夜《よ》に入《い》ってここのうちの小供の寝床へもぐり込んでいっしょにねる事である。
2021-04-05,この小供というのは五つと三つで夜になると二人が一つ床へ入《はい》って一間《ひとま》へ寝る。
2021-04-06,吾輩はいつでも彼等の中間に己《おの》れを容《い》るべき余地を見出《みいだ》してどうにか、こうにか割り込むのであるが、運悪く小供の一人が眼を醒《さ》ますが最後大変な事になる。
2021-04-07,小供は——ことに小さい方が質《たち》がわるい——猫が来た猫が来たといって夜中でも何でも大きな声で泣き出すのである。
2021-04-08,すると例の神経胃弱性の主人は必《かなら》ず眼をさまして次の部屋から飛び出してくる。
2021-04-09,現にせんだってなどは物指《ものさし》で尻ぺたをひどく叩《たた》かれた。
2021-04-11,吾輩は人間と同居して彼等を観察すればするほど、彼等は我儘《わがまま》なものだと断言せざるを得ないようになった。
2021-04-12,ことに吾輩が時々｜同衾《どうきん》する小供のごときに至っては言語同断《ごんごどうだん》である。
2021-04-13,自分の勝手な時は人を逆さにしたり、頭へ袋をかぶせたり、抛《ほう》り出したり、へっつい［＃「へっつい」に傍点］の中へ押し込んだりする。
2021-04-14,しかも吾輩の方で少しでも手出しをしようものなら家内《かない》総がかりで追い廻して迫害を加える。
2021-04-15,この間もちょっと畳で爪を磨《と》いだら細君が非常に怒《おこ》ってそれから容易に座敷へ入《い》れない。
2021-04-16,台所の板の間で他《ひと》が顫《ふる》えていても一向《いっこう》平気なものである。
2021-04-17,吾輩の尊敬する筋向《すじむこう》の白君などは逢《あ》う度毎《たびごと》に人間ほど不人情なものはないと言っておらるる。
2021-04-18,白君は先日玉のような子猫を四疋｜産《う》まれたのである。
2021-04-19,ところがそこの家《うち》の書生が三日目にそいつを裏の池へ持って行って四疋ながら棄てて来たそうだ。
2021-04-20,白君は涙を流してその一部始終を話した上、どうしても我等｜猫族《ねこぞく》が親子の愛を完《まった》くして美しい家族的生活をするには人間と戦ってこれを剿滅《そうめつ》せねばならぬといわれた。
2021-04-21,一々もっともの議論と思う。
2021-04-22,また隣りの三毛《みけ》君などは人間が所有権という事を解していないといって大《おおい》に憤慨している。
2021-04-23,元来我々同族間では目刺《めざし》の頭でも鰡《ぼら》の臍《へそ》でも一番先に見付けたものがこれを食う権利があるものとなっている。
2021-04-24,もし相手がこの規約を守らなければ腕力に訴えて善《よ》いくらいのものだ。
2021-04-25,しかるに彼等人間は毫《ごう》もこの観念がないと見えて我等が見付けた御馳走は必ず彼等のために掠奪《りゃくだつ》せらるるのである。
2021-04-26,彼等はその強力を頼んで正当に吾人が食い得べきものを奪《うば》ってすましている。
2021-04-28,白君は軍人の家におり三毛君は代言の主人を持っている。
2021-04-29,吾輩は教師の家に住んでいるだけ、こんな事に関すると両君よりもむしろ楽天である。
2021-04-30,ただその日その日がどうにかこうにか送られればよい。
2021-05-01,いくら人間だって、そういつまでも栄える事もあるまい。
2021-05-02,まあ気を永く猫の時節を待つがよかろう。
2021-05-03,我儘《わがまま》で思い出したからちょっと吾輩の家の主人がこの我儘で失敗した話をしよう。
2021-05-04,元来この主人は何といって人に勝《すぐ》れて出来る事もないが、何にでもよく手を出したがる。
2021-05-05,俳句をやってほととぎす［＃「ほととぎす」に傍点］へ投書をしたり、新体詩を明星［＃「明星」に傍点］へ出したり、間違いだらけの英文をかいたり、時によると弓に凝《こ》ったり、謡《うたい》を習ったり、またあるときはヴァイオリンなどをブーブー鳴らしたりするが、気の毒な事には、どれもこれも物になっておらん。
2021-05-06,その癖やり出すと胃弱の癖にいやに熱心だ。
2021-05-07,後架《こうか》の中で謡をうたって、近所で後架先生《こうかせんせい》と渾名《あだな》をつけられているにも関せず一向《いっこう》平気なもので、やはりこれは平《たいら》の宗盛《むねもり》にて候《そうろう》を繰返している。
2021-05-08,みんながそら宗盛だと吹き出すくらいである。
2021-05-09,この主人がどういう考になったものか吾輩の住み込んでから一月ばかり後《のち》のある月の月給日に、大きな包みを提《さ》げてあわただしく帰って来た。
2021-05-10,何を買って来たのかと思うと水彩絵具と毛筆とワットマンという紙で今日から謡や俳句をやめて絵をかく決心と見えた。
2021-05-12,果して翌日から当分の間というものは毎日毎日書斎で昼寝もしないで絵ばかりかいている。
2021-05-14,しかしそのかき上げたものを見ると何をかいたものやら誰にも鑑定がつかない。
2021-05-16,当人もあまり甘《うま》くないと思ったものか、ある日その友人で美学とかをやっている人が来た時に下《しも》のような話をしているのを聞いた。
2021-05-18,「どうも甘《うま》くかけないものだね。
2021-05-19,人のを見ると何でもないようだが自《みずか》ら筆をとって見ると今更《いまさら》のようにむずかしく感ずる」これは主人の述懐《じゅっかい》である。
2021-05-20,なるほど詐《いつわ》りのない処だ。
2021-05-21,彼の友は金縁の眼鏡越《めがねごし》に主人の顔を見ながら、「そう初めから上手にはかけないさ、第一室内の想像ばかりで画《え》がかける訳のものではない。
2021-05-22,昔《むか》し以太利《イタリー》の大家アンドレア・デル・サルトが言った事がある。
2021-05-23,画をかくなら何でも自然その物を写せ。
2021-05-24,天に星辰《せいしん》あり。
2021-05-25,地に露華《ろか》あり。
2021-05-26,飛ぶに禽《とり》あり。
2021-05-27,走るに獣《けもの》あり。
2021-05-28,池に金魚あり。
2021-05-29,枯木《こぼく》に寒鴉《かんあ》あり。
2021-05-30,自然はこれ一幅の大活画《だいかつが》なりと。
2021-05-31,どうだ君も画らしい画をかこうと思うならちと写生をしたら」
2021-06-01,「へえアンドレア・デル・サルトがそんな事をいった事があるかい。
2021-06-02,ちっとも知らなかった。
2021-06-03,なるほどこりゃもっともだ。
2021-06-04,実にその通りだ」と主人は無暗《むやみ》に感心している。
2021-06-05,金縁の裏には嘲《あざ》けるような笑《わらい》が見えた。
2021-06-07,　その翌日吾輩は例のごとく椽側《えんがわ》に出て心持善く昼寝《ひるね》をしていたら、主人が例になく書斎から出て来て吾輩の後《うし》ろで何かしきりにやっている。
2021-06-08,ふと眼が覚《さ》めて何をしているかと一分《いちぶ》ばかり細目に眼をあけて見ると、彼は余念もなくアンドレア・デル・サルトを極《き》め込んでいる。
2021-06-09,吾輩はこの有様を見て覚えず失笑するのを禁じ得なかった。
2021-06-10,彼は彼の友に揶揄《やゆ》せられたる結果としてまず手初めに吾輩を写生しつつあるのである。
2021-06-11,吾輩はすでに十分《じゅうぶん》寝た。
2021-06-12,欠伸《あくび》がしたくてたまらない。
2021-06-13,しかしせっかく主人が熱心に筆を執《と》っているのを動いては気の毒だと思って、じっと辛棒《しんぼう》しておった。
2021-06-14,彼は今吾輩の輪廓をかき上げて顔のあたりを色彩《いろど》っている。
2021-06-15,吾輩は自白する。
2021-06-16,吾輩は猫として決して上乗の出来ではない。
2021-06-17,背といい毛並といい顔の造作といいあえて他の猫に勝《まさ》るとは決して思っておらん。
2021-06-18,しかしいくら不器量の吾輩でも、今吾輩の主人に描《えが》き出されつつあるような妙な姿とは、どうしても思われない。
2021-06-19,第一色が違う。
2021-06-20,吾輩は波斯産《ペルシャさん》の猫のごとく黄を含める淡灰色に漆《うるし》のごとき斑入《ふい》りの皮膚を有している。
2021-06-21,これだけは誰が見ても疑うべからざる事実と思う。
2021-06-22,しかるに今主人の彩色を見ると、黄でもなければ黒でもない、灰色でもなければ褐色《とびいろ》でもない、さればとてこれらを交ぜた色でもない。
2021-06-23,ただ一種の色であるというよりほかに評し方のない色である。
2021-06-24,その上不思議な事は眼がない。
2021-06-25,もっともこれは寝ているところを写生したのだから無理もないが眼らしい所さえ見えないから盲猫《めくら》だか寝ている猫だか判然しないのである。
2021-06-26,吾輩は心中ひそかにいくらアンドレア・デル・サルトでもこれではしようがないと思った。
2021-06-27,しかしその熱心には感服せざるを得ない。
2021-06-28,なるべくなら動かずにおってやりたいと思ったが、さっきから小便が催うしている。
2021-06-29,身内《みうち》の筋肉はむずむずする。
2021-06-30,最早《もはや》一分も猶予《ゆうよ》が出来ぬ仕儀《しぎ》となったから、やむをえず失敬して両足を前へ存分のして、首を低く押し出してあーあと大《だい》なる欠伸をした。
2021-07-01,さてこうなって見ると、もうおとなしくしていても仕方がない。
2021-07-02,どうせ主人の予定は打《ぶ》ち壊《こ》わしたのだから、ついでに裏へ行って用を足《た》そうと思ってのそのそ這い出した。
2021-07-03,すると主人は失望と怒りを掻《か》き交ぜたような声をして、座敷の中から「この馬鹿野郎」と怒鳴《どな》った。
2021-07-04,この主人は人を罵《ののし》るときは必ず馬鹿野郎というのが癖である。
2021-07-05,ほかに悪口の言いようを知らないのだから仕方がないが、今まで辛棒した人の気も知らないで、無暗《むやみ》に馬鹿野郎｜呼《よば》わりは失敬だと思う。
2021-07-06,それも平生吾輩が彼の背中《せなか》へ乗る時に少しは好い顔でもするならこの漫罵《まんば》も甘んじて受けるが、こっちの便利になる事は何一つ快くしてくれた事もないのに、小便に立ったのを馬鹿野郎とは酷《ひど》い。
2021-07-07,元来人間というものは自己の力量に慢じてみんな増長している。
2021-07-08,少し人間より強いものが出て来て窘《いじ》めてやらなくてはこの先どこまで増長するか分らない。
2021-07-10,　我儘《わがまま》もこのくらいなら我慢するが吾輩は人間の不徳についてこれよりも数倍悲しむべき報道を耳にした事がある。
2021-07-12,　吾輩の家の裏に十坪ばかりの茶園《ちゃえん》がある。
2021-07-13,広くはないが瀟洒《さっぱり》とした心持ち好く日の当《あた》る所だ。
2021-07-14,うちの小供があまり騒いで楽々昼寝の出来ない時や、あまり退屈で腹加減のよくない折などは、吾輩はいつでもここへ出て浩然《こうぜん》の気を養うのが例である。
2021-07-15,ある小春の穏かな日の二時頃であったが、吾輩は昼飯後《ちゅうはんご》快よく一睡した後《のち》、運動かたがたこの茶園へと歩《ほ》を運ばした。
2021-07-16,茶の木の根を一本一本嗅ぎながら、西側の杉垣のそばまでくると、枯菊を押し倒してその上に大きな猫が前後不覚に寝ている。
2021-07-17,彼は吾輩の近づくのも一向《いっこう》心付かざるごとく、また心付くも無頓着なるごとく、大きな鼾《いびき》をして長々と体を横《よこた》えて眠っている。
2021-07-18,他《ひと》の庭内に忍び入りたるものがかくまで平気に睡《ねむ》られるものかと、吾輩は窃《ひそ》かにその大胆なる度胸に驚かざるを得なかった。
2021-07-19,彼は純粋の黒猫である。
2021-07-20,わずかに午《ご》を過ぎたる太陽は、透明なる光線を彼の皮膚の上に抛《な》げかけて、きらきらする柔毛《にこげ》の間より眼に見えぬ炎でも燃《も》え出《い》ずるように思われた。
2021-07-21,彼は猫中の大王とも云うべきほどの偉大なる体格を有している。
2021-07-22,吾輩の倍はたしかにある。
2021-07-23,吾輩は嘆賞の念と、好奇の心に前後を忘れて彼の前に佇立《ちょりつ》して余念もなく眺《なが》めていると、静かなる小春の風が、杉垣の上から出たる梧桐《ごとう》の枝を軽《かろ》く誘ってばらばらと二三枚の葉が枯菊の茂みに落ちた。
2021-07-24,大王はかっとその真丸《まんまる》の眼を開いた。
2021-07-25,今でも記憶している。
2021-07-26,その眼は人間の珍重する琥珀《こはく》というものよりも遥《はる》かに美しく輝いていた。
2021-07-27,彼は身動きもしない。
2021-07-28,双眸《そうぼう》の奥から射るごとき光を吾輩の矮小《わいしょう》なる額《ひたい》の上にあつめて、御めえ［＃「御めえ」に傍点］は一体何だと云った。
2021-07-29,大王にしては少々言葉が卑《いや》しいと思ったが何しろその声の底に犬をも挫《ひ》しぐべき力が籠《こも》っているので吾輩は少なからず恐れを抱《いだ》いた。
2021-07-30,しかし挨拶《あいさつ》をしないと険呑《けんのん》だと思ったから「吾輩は猫である。
2021-07-31,名前はまだない」となるべく平気を装《よそお》って冷然と答えた。
2021-08-01,しかしこの時吾輩の心臓はたしかに平時よりも烈しく鼓動しておった。
2021-08-02,彼は大《おおい》に軽蔑《けいべつ》せる調子で「何、猫だ？　猫が聞いてあきれらあ。
2021-08-03,全《ぜん》てえどこに住んでるんだ」随分｜傍若無人《ぼうじゃくぶじん》である。
2021-08-04,「吾輩はここの教師の家《うち》にいるのだ」「どうせそんな事だろうと思った。
2021-08-05,いやに瘠《や》せてるじゃねえか」と大王だけに気焔《きえん》を吹きかける。
2021-08-06,言葉付から察するとどうも良家の猫とも思われない。
2021-08-07,しかしその膏切《あぶらぎ》って肥満しているところを見ると御馳走を食ってるらしい、豊かに暮しているらしい。
2021-08-08,吾輩は「そう云う君は一体誰だい」と聞かざるを得なかった。
2021-08-09,「己《お》れあ車屋の黒《くろ》よ」昂然《こうぜん》たるものだ。
2021-08-10,車屋の黒はこの近辺で知らぬ者なき乱暴猫である。
2021-08-11,しかし車屋だけに強いばかりでちっとも教育がないからあまり誰も交際しない。
2021-08-12,同盟敬遠主義の的《まと》になっている奴だ。
2021-08-13,吾輩は彼の名を聞いて少々尻こそばゆき感じを起すと同時に、一方では少々｜軽侮《けいぶ》の念も生じたのである。
2021-08-14,吾輩はまず彼がどのくらい無学であるかを試《ため》してみようと思って左《さ》の問答をして見た。
2021-08-15,「一体車屋と教師とはどっちがえらいだろう」
2021-08-16,「車屋の方が強いに極《きま》っていらあな。御めえ［＃「御めえ」に傍点］のうち［＃「うち」に傍点］の主人を見ねえ、まるで骨と皮ばかりだぜ」
2021-08-17,「君も車屋の猫だけに大分《だいぶ》強そうだ。車屋にいると御馳走《ごちそう》が食えると見えるね」
2021-08-18,「何《なあ》におれ［＃「おれ」に傍点］なんざ、どこの国へ行ったって食い物に不自由はしねえつもりだ。御めえ［＃「御めえ」に傍点］なんかも茶畠《ちゃばたけ》ばかりぐるぐる廻っていねえで、ちっと己《おれ》の後《あと》へくっ付いて来て見ねえ。
2021-08-19,一と月とたたねえうちに見違えるように太れるぜ」
2021-08-20,「追ってそう願う事にしよう。しかし家《うち》は教師の方が車屋より大きいのに住んでいるように思われる」
2021-08-21,「箆棒《べらぼう》め、うちなんかいくら大きくたって腹の足《た》しになるもんか」
2021-08-22,彼は大《おおい》に肝癪《かんしゃく》に障《さわ》った様子で、寒竹《かんちく》をそいだような耳をしきりとぴく付かせてあららかに立ち去った。
2021-08-23,吾輩が車屋の黒と知己《ちき》になったのはこれからである。
2021-08-24,その後《ご》吾輩は度々《たびたび》黒と邂逅《かいこう》する。
2021-08-25,邂逅する毎《ごと》に彼は車屋相当の気焔《きえん》を吐く。
2021-08-26,先に吾輩が耳にしたという不徳事件も実は黒から聞いたのである。
2021-08-27,或る日例のごとく吾輩と黒は暖かい茶畠《ちゃばたけ》の中で寝転《ねころ》びながらいろいろ雑談をしていると、彼はいつもの自慢話《じまんばな》しをさも新しそうに繰り返したあとで、吾輩に向って下《しも》のごとく質問した。
2021-08-28,「御めえ［＃「御めえ」に傍点］は今までに鼠を何匹とった事がある」智識は黒よりも余程発達しているつもりだが腕力と勇気とに至っては到底《とうてい》黒の比較にはならないと覚悟はしていたものの、この問に接したる時は、さすがに極《きま》りが善《よ》くはなかった。
2021-08-29,けれども事実は事実で詐《いつわ》る訳には行かないから、吾輩は「実はとろうとろうと思ってまだ捕《と》らない」と答えた。
2021-08-30,黒は彼の鼻の先からぴんと突張《つっぱ》っている長い髭《ひげ》をびりびりと震《ふる》わせて非常に笑った。
2021-08-31,元来黒は自慢をする丈《だけ》にどこか足りないところがあって、彼の気焔《きえん》を感心したように咽喉《のど》をころころ鳴らして謹聴していればはなはだ御《ぎょ》しやすい猫である。
2021-09-01,吾輩は彼と近付になってから直《すぐ》にこの呼吸を飲み込んだからこの場合にもなまじい己《おの》れを弁護してますます形勢をわるくするのも愚《ぐ》である、いっその事彼に自分の手柄話をしゃべらして御茶を濁すに若《し》くはないと思案を定《さだ》めた。
2021-09-02,そこでおとなしく「君などは年が年であるから大分《だいぶん》とったろう」とそそのかして見た。
2021-09-03,果然彼は墻壁《しょうへき》の欠所《けっしょ》に吶喊《とっかん》して来た。
2021-09-04,「たんとでもねえが三四十はとったろう」とは得意気なる彼の答であった。
2021-09-05,彼はなお語をつづけて「鼠の百や二百は一人でいつでも引き受けるがいたち［＃「いたち」に傍点］ってえ奴は手に合わねえ。
2021-09-06,一度いたち［＃「いたち」に傍点］に向って酷《ひど》い目に逢《あ》った」「へえなるほど」と相槌《あいづち》を打つ。
2021-09-07,黒は大きな眼をぱちつかせて云う。
2021-09-08,「去年の大掃除の時だ。うちの亭主が石灰《いしばい》の袋を持って椽《えん》の下へ這《は》い込んだら御めえ［＃「御めえ」に傍点］大きないたち［＃「いたち」に傍点］の野郎が面喰《めんくら》って飛び出したと思いねえ」
2021-09-09,「ふん」と感心して見せる。
2021-09-10,「いたち［＃「いたち」に傍点］ってけども何鼠の少し大きいぐれえのものだ。
2021-09-11,こん畜生《ちきしょう》って気で追っかけてとうとう泥溝《どぶ》の中へ追い込んだと思いねえ」「うまくやったね」と喝采《かっさい》してやる。
2021-09-12,「ところが御めえ［＃「御めえ」に傍点］いざってえ段になると奴め最後《さいご》っ屁《ぺ》をこきゃがった。臭《くせ》えの臭くねえのってそれからってえものはいたち［＃「いたち」に傍点］を見ると胸が悪くならあ」
2021-09-13,彼はここに至ってあたかも去年の臭気を今《いま》なお感ずるごとく前足を揚げて鼻の頭を二三遍なで廻わした。
2021-09-14,吾輩も少々気の毒な感じがする。
2021-09-15,ちっと景気を付けてやろうと思って「しかし鼠なら君に睨《にら》まれては百年目だろう。君はあまり鼠を捕《と》るのが名人で鼠ばかり食うものだからそんなに肥って色つやが善いのだろう」黒の御機嫌をとるためのこの質問は不思議にも反対の結果を呈出《ていしゅつ》した。
2021-09-16,彼は喟然《きぜん》として大息《たいそく》していう。
2021-09-17,「考《かん》げえるとつまらねえ。いくら稼いで鼠をとったって——一てえ人間ほどふてえ奴は世の中にいねえぜ。人のとった鼠をみんな取り上げやがって交番へ持って行きゃあがる。交番じゃ誰が捕《と》ったか分らねえからそのたんび［＃「たんび」に傍点］に五銭ずつくれるじゃねえか。うちの亭主なんか己《おれ》の御蔭でもう壱円五十銭くらい儲《もう》けていやがる癖に、碌《ろく》なものを食わせた事もありゃしねえ。おい人間てものあ体《てい》の善《い》い泥棒だぜ」
2021-09-18,さすが無学の黒もこのくらいの理窟《りくつ》はわかると見えてすこぶる怒《おこ》った容子《ようす》で背中の毛を逆立《さかだ》てている。
2021-09-19,吾輩は少々気味が悪くなったから善い加減にその場を胡魔化《ごまか》して家《うち》へ帰った。
2021-09-20,この時から吾輩は決して鼠をとるまいと決心した。
2021-09-21,しかし黒の子分になって鼠以外の御馳走を猟《あさ》ってあるく事もしなかった。
2021-09-22,御馳走を食うよりも寝ていた方が気楽でいい。
2021-09-23,教師の家《うち》にいると猫も教師のような性質になると見える。
2021-09-24,要心しないと今に胃弱になるかも知れない。
2021-09-25,教師といえば吾輩の主人も近頃に至っては到底《とうてい》水彩画において望《のぞみ》のない事を悟ったものと見えて十二月一日の日記にこんな事をかきつけた。
2021-09-26,○○と云う人に今日の会で始めて出逢《であ》った。
2021-09-27,あの人は大分《だいぶ》放蕩《ほうとう》をした人だと云うがなるほど通人《つうじん》らしい風采《ふうさい》をしている。
2021-09-28,こう云う質《たち》の人は女に好かれるものだから○○が放蕩をしたと云うよりも放蕩をするべく余儀なくせられたと云うのが適当であろう。
2021-09-29,あの人の妻君は芸者だそうだ、羨《うらや》ましい事である。
2021-09-30,元来放蕩家を悪くいう人の大部分は放蕩をする資格のないものが多い。
2021-10-01,また放蕩家をもって自任する連中のうちにも、放蕩する資格のないものが多い。
2021-10-02,これらは余儀なくされないのに無理に進んでやるのである。
2021-10-03,あたかも吾輩の水彩画に於けるがごときもので到底卒業する気づかいはない。
2021-10-04,しかるにも関せず、自分だけは通人だと思って済《すま》している。
2021-10-05,料理屋の酒を飲んだり待合へ這入《はい》るから通人となり得るという論が立つなら、吾輩も一廉《ひとかど》の水彩画家になり得る理窟《りくつ》だ。
2021-10-06,吾輩の水彩画のごときはかかない方がましであると同じように、愚昧《ぐまい》なる通人よりも山出しの大野暮《おおやぼ》の方が遥《はる》かに上等だ。
2021-10-07,通人論《つうじんろん》はちょっと首肯《しゅこう》しかねる。
2021-10-08,また芸者の妻君を羨しいなどというところは教師としては口にすべからざる愚劣の考であるが、自己の水彩画における批評眼だけはたしかなものだ。
2021-10-09,主人はかくのごとく自知《じち》の明《めい》あるにも関せずその自惚心《うぬぼれしん》はなかなか抜けない。
2021-10-10,中二日《なかふつか》置いて十二月四日の日記にこんな事を書いている。
2021-10-11,昨夜《ゆうべ》は僕が水彩画をかいて到底物にならんと思って、そこらに抛《ほう》って置いたのを誰かが立派な額にして欄間《らんま》に懸《か》けてくれた夢を見た。
2021-10-12,さて額になったところを見ると我ながら急に上手になった。
2021-10-13,非常に嬉しい。
2021-10-14,これなら立派なものだと独《ひと》りで眺め暮らしていると、夜が明けて眼が覚《さ》めてやはり元の通り下手である事が朝日と共に明瞭になってしまった。
2021-10-15,主人は夢の裡《うち》まで水彩画の未練を背負《しょ》ってあるいていると見える。
2021-10-16,これでは水彩画家は無論｜夫子《ふうし》の所謂《いわゆる》通人にもなれない質《たち》だ。
2021-10-17,主人が水彩画を夢に見た翌日例の金縁｜眼鏡《めがね》の美学者が久し振りで主人を訪問した。
2021-10-18,彼は座につくと劈頭《へきとう》第一に「画《え》はどうかね」と口を切った。
2021-10-19,主人は平気な顔をして「君の忠告に従って写生を力《つと》めているが、なるほど写生をすると今まで気のつかなかった物の形や、色の精細な変化などがよく分るようだ。
2021-10-20,西洋では昔《むか》しから写生を主張した結果｜今日《こんにち》のように発達したものと思われる。
2021-10-21,さすがアンドレア・デル・サルトだ」と日記の事はおくび［＃「おくび」に傍点］にも出さないで、またアンドレア・デル・サルトに感心する。
2021-10-22,美学者は笑いながら「実は君、あれは出鱈目《でたらめ》だよ」と頭を掻《か》く。
2021-10-23,何が」と主人はまだ※［＃「言＋墟のつくり」、第4水準2-88-74］《いつ》わられた事に気がつかない。
2021-10-24,「何がって君のしきりに感服しているアンドレア・デル・サルトさ。あれは僕のちょっと捏造《ねつぞう》した話だ。君がそんなに真面目《まじめ》に信じようとは思わなかったハハハハ」と大喜悦の体《てい》である。
2021-10-25,吾輩は椽側でこの対話を聞いて彼の今日の日記にはいかなる事が記《しる》さるるであろうかと予《あらかじ》め想像せざるを得なかった。
2021-10-26,この美学者はこんな好《いい》加減な事を吹き散らして人を担《かつ》ぐのを唯一の楽《たのしみ》にしている男である。
2021-10-27,彼はアンドレア・デル・サルト事件が主人の情線《じょうせん》にいかなる響を伝えたかを毫《ごう》も顧慮せざるもののごとく得意になって下《しも》のような事を饒舌《しゃべ》った。
2021-10-28,「いや時々｜冗談《じょうだん》を言うと人が真《ま》に受けるので大《おおい》に滑稽的《こっけいてき》美感を挑撥《ちょうはつ》するのは面白い。
2021-10-29,せんだってある学生にニコラス・ニックルベーがギボンに忠告して彼の一世の大著述なる仏国革命史を仏語で書くのをやめにして英文で出版させたと言ったら、その学生がまた馬鹿に記憶の善い男で、日本文学会の演説会で真面目に僕の話した通りを繰り返したのは滑稽であった。ところがその時の傍聴者は約百名ばかりであったが、皆熱心にそれを傾聴しておった。それからまだ面白い話がある。せんだって或る文学者のいる席でハリソンの歴史小説セオファーノの話《はな》しが出たから僕はあれは歴史小説の中《うち》で白眉《はくび》である。ことに女主人公が死ぬところは鬼気《きき》人を襲うようだと評したら、僕の向うに坐っている知らんと云った事のない先生が、そうそうあすこは実に名文だといった。それで僕はこの男もやはり僕同様この小説を読んでおらないという事を知った」神経胃弱性の主人は眼を丸くして問いかけた。
2021-10-30,「そんな出鱈目《でたらめ》をいってもし相手が読んでいたらどうするつもりだ」あたかも人を欺《あざむ》くのは差支《さしつかえ》ない、ただ化《ばけ》の皮《かわ》があらわれた時は困るじゃないかと感じたもののごとくである。
2021-10-31,美学者は少しも動じない。
2021-11-01,「なにその時《とき》ゃ別の本と間違えたとか何とか云うばかりさ」と云ってけらけら笑っている。
2021-11-02,この美学者は金縁の眼鏡は掛けているがその性質が車屋の黒に似たところがある。
2021-11-03,主人は黙って日の出を輪に吹いて吾輩にはそんな勇気はないと云わんばかりの顔をしている。
2021-11-04,美学者はそれだから画《え》をかいても駄目だという目付で「しかし冗談《じょうだん》は冗談だが画というものは実際むずかしいものだよ、レオナルド・ダ・ヴィンチは門下生に寺院の壁のしみ［＃「しみ」に傍点］を写せと教えた事があるそうだ。なるほど雪隠《せついん》などに這入《はい》って雨の漏る壁を余念なく眺めていると、なかなかうまい模様画が自然に出来ているぜ。君注意して写生して見給えきっと面白いものが出来るから」
2021-11-05,「また欺《だま》すのだろう」
2021-11-06,「いえこれだけはたしかだよ。実際奇警な語じゃないか、ダ・ヴィンチでもいいそうな事だあね」「なるほど奇警には相違ないな」と主人は半分降参をした。
2021-11-07,しかし彼はまだ雪隠で写生はせぬようだ。
2021-11-08,車屋の黒はその後《ご》跛《びっこ》になった。
2021-11-09,彼の光沢ある毛は漸々《だんだん》色が褪《さ》めて抜けて来る。
2021-11-10,吾輩が琥珀《こはく》よりも美しいと評した彼の眼には眼脂《めやに》が一杯たまっている。
2021-11-11,ことに著るしく吾輩の注意を惹《ひ》いたのは彼の元気の消沈とその体格の悪くなった事である。
2021-11-12,吾輩が例の茶園《ちゃえん》で彼に逢った最後の日、どうだと云って尋ねたら「いたち［＃「いたち」に傍点］の最後屁《さいごっぺ》と肴屋《さかなや》の天秤棒《てんびんぼう》には懲々《こりごり》だ」といった。
2021-11-13,赤松の間に二三段の紅《こう》を綴った紅葉《こうよう》は昔《むか》しの夢のごとく散ってつくばい［＃「つくばい」に傍点］に近く代る代る花弁《はなびら》をこぼした紅白《こうはく》の山茶花《さざんか》も残りなく落ち尽した。
2021-11-14,三間半の南向の椽側に冬の日脚が早く傾いて木枯《こがらし》の吹かない日はほとんど稀《まれ》になってから吾輩の昼寝の時間も狭《せば》められたような気がする。
2021-11-15,主人は毎日学校へ行く。
2021-11-16,帰ると書斎へ立て籠《こも》る。
2021-11-17,人が来ると、教師が厭《いや》だ厭だという。
2021-11-18,水彩画も滅多にかかない。
2021-11-19,タカジヤスターゼも功能がないといってやめてしまった。
2021-11-20,小供は感心に休まないで幼稚園へかよう。
2021-11-21,帰ると唱歌を歌って、毬《まり》をついて、時々吾輩を尻尾《しっぽ》でぶら下げる。
2021-11-22,吾輩は御馳走《ごちそう》も食わないから別段｜肥《ふと》りもしないが、まずまず健康で跛《びっこ》にもならずにその日その日を暮している。
2021-11-23,鼠は決して取らない。
2021-11-24,おさんは未《いま》だに嫌《きら》いである。
2021-11-25,名前はまだつけてくれないが、欲をいっても際限がないから生涯《しょうがい》この教師の家《うち》で無名の猫で終るつもりだ。
2021-11-26,吾輩は新年来多少有名になったので、猫ながらちょっと鼻が高く感ぜらるるのはありがたい。
2021-11-27,元朝早々主人の許《もと》へ一枚の絵端書《えはがき》が来た。
2021-11-28,これは彼の交友某画家からの年始状であるが、上部を赤、下部を深緑《ふかみど》りで塗って、その真中に一の動物が蹲踞《うずくま》っているところをパステルで書いてある。
2021-11-29,主人は例の書斎でこの絵を、横から見たり、竪《たて》から眺めたりして、うまい色だなという。
2021-11-30,すでに一応感服したものだから、もうやめにするかと思うとやはり横から見たり、竪から見たりしている。
2021-12-01,からだを拗《ね》じ向けたり、手を延ばして年寄が三世相《さんぜそう》を見るようにしたり、または窓の方へむいて鼻の先まで持って来たりして見ている。
2021-12-02,早くやめてくれないと膝《ひざ》が揺れて険呑《けんのん》でたまらない。
2021-12-03,ようやくの事で動揺があまり劇《はげ》しくなくなったと思ったら、小さな声で一体何をかいたのだろうと云《い》う。
2021-12-04,主人は絵端書の色には感服したが、かいてある動物の正体が分らぬので、さっきから苦心をしたものと見える。
2021-12-05,そんな分らぬ絵端書かと思いながら、寝ていた眼を上品に半《なか》ば開いて、落ちつき払って見ると紛《まぎ》れもない、自分の肖像だ。
2021-12-06,主人のようにアンドレア・デル・サルトを極《き》め込んだものでもあるまいが、画家だけに形体も色彩もちゃんと整って出来ている。
2021-12-07,誰が見たって猫に相違ない。
2021-12-08,少し眼識のあるものなら、猫の中《うち》でも他《ほか》の猫じゃない吾輩である事が判然とわかるように立派に描《か》いてある。
2021-12-09,このくらい明瞭な事を分らずにかくまで苦心するかと思うと、少し人間が気の毒になる。
2021-12-10,出来る事ならその絵が吾輩であると云う事を知らしてやりたい。
2021-12-11,吾輩であると云う事はよし分らないにしても、せめて猫であるという事だけは分らしてやりたい。
2021-12-12,しかし人間というものは到底《とうてい》吾輩｜猫属《ねこぞく》の言語を解し得るくらいに天の恵《めぐみ》に浴しておらん動物であるから、残念ながらそのままにしておいた。
2021-12-13,ちょっと読者に断っておきたいが、元来人間が何ぞというと猫々と、事もなげに軽侮の口調をもって吾輩を評価する癖があるははなはだよくない。
2021-12-14,人間の糟《かす》から牛と馬が出来て、牛と馬の糞から猫が製造されたごとく考えるのは、自分の無智に心付かんで高慢な顔をする教師などにはありがちの事でもあろうが、はたから見てあまり見っともいい者じゃない。
2021-12-15,いくら猫だって、そう粗末簡便には出来ぬ。
2021-12-16,よそ目には一列一体、平等無差別、どの猫も自家固有の特色などはないようであるが、猫の社会に這入《はい》って見るとなかなか複雑なもので十人｜十色《といろ》という人間界の語《ことば》はそのままここにも応用が出来るのである
2021-12-17,目付でも、鼻付でも、毛並でも、足並でも、みんな違う。
2021-12-18,髯《ひげ》の張り具合から耳の立ち按排《あんばい》、尻尾《しっぽ》の垂れ加減に至るまで同じものは一つもない。
2021-12-19,器量、不器量、好き嫌い、粋無粋《すいぶすい》の数《かず》を悉《つ》くして千差万別と云っても差支えないくらいである。
2021-12-20,そのように判然たる区別が存しているにもかかわらず、人間の眼はただ向上とか何とかいって、空ばかり見ているものだから、吾輩の性質は無論｜相貌《そうぼう》の末を識別する事すら到底出来ぬのは気の毒だ。
2021-12-21,同類相求むとは昔《むか》しからある語《ことば》だそうだがその通り、餅屋《もちや》は餅屋、猫は猫で、猫の事ならやはり猫でなくては分らぬ。
2021-12-22,いくら人間が発達したってこればかりは駄目である。
2021-12-23,いわんや実際をいうと彼等が自《みずか》ら信じているごとくえらくも何ともないのだからなおさらむずかしい。
2021-12-24,またいわんや同情に乏しい吾輩の主人のごときは、相互を残りなく解するというが愛の第一義であるということすら分らない男なのだから仕方がない。
2021-12-25,彼は性の悪い牡蠣《かき》のごとく書斎に吸い付いて、かつて外界に向って口を開《ひら》いた事がない。
2021-12-26,それで自分だけはすこぶる達観したような面構《つらがまえ》をしているのはちょっとおかしい。
2021-12-27,達観しない証拠には現に吾輩の肖像が眼の前にあるのに少しも悟った様子もなく今年は征露の第二年目だから大方熊の画《え》だろうなどと気の知れぬことをいってすましているのでもわかる。
2021-12-28,吾輩が主人の膝《ひざ》の上で眼をねむりながらかく考えていると、やがて下女が第二の絵端書《えはがき》を持って来た。
2021-12-29,見ると活版で舶来の猫が四五｜疋《ひき》ずらりと行列してペンを握ったり書物を開いたり勉強をしている。
2021-12-30,その内の一疋は席を離れて机の角で西洋の猫じゃ猫じゃを躍《おど》っている。
2021-12-31,その上に日本の墨で「吾輩は猫である」と黒々とかいて、右の側《わき》に書を読むや躍《おど》るや猫の春一日《はるひとひ》という俳句さえ認《したた》められてある。
2022-01-01,これは主人の旧門下生より来たので誰が見たって一見して意味がわかるはずであるのに、迂濶《うかつ》な主人はまだ悟らないと見えて不思議そうに首を捻《ひね》って、はてな今年は猫の年かなと独言《ひとりごと》を言った。
2022-01-02,吾輩がこれほど有名になったのを未《ま》だ気が着かずにいると見える。
2022-01-03,ところへ下女がまた第三の端書を持ってくる。
2022-01-04,今度は絵端書ではない。
2022-01-05,恭賀新年とかいて、傍《かたわ》らに乍恐縮《きょうしゅくながら》かの猫へも宜《よろ》しく御伝声《ごでんせい》奉願上候《ねがいあげたてまつりそろ》とある。
2022-01-06,いかに迂遠《うえん》な主人でもこう明らさまに書いてあれば分るものと見えてようやく気が付いたようにフンと言いながら吾輩の顔を見た。
2022-01-07,その眼付が今までとは違って多少尊敬の意を含んでいるように思われた。
2022-01-08,今まで世間から存在を認められなかった主人が急に一個の新面目《しんめんぼく》を施こしたのも、全く吾輩の御蔭だと思えばこのくらいの眼付は至当だろうと考える。
2022-01-09,おりから門の格子《こうし》がチリン、チリン、チリリリリンと鳴る。
2022-01-10,大方来客であろう、来客なら下女が取次に出る。
2022-01-11,吾輩は肴屋《さかなや》の梅公がくる時のほかは出ない事に極《き》めているのだから、平気で、もとのごとく主人の膝に坐っておった。
2022-01-12,すると主人は高利貸にでも飛び込まれたように不安な顔付をして玄関の方を見る。
2022-01-13,何でも年賀の客を受けて酒の相手をするのが厭らしい。
2022-01-14,人間もこのくらい偏屈《へんくつ》になれば申し分はない。
2022-01-15,そんなら早くから外出でもすればよいのにそれほどの勇気も無い。
2022-01-16,いよいよ牡蠣の根性《こんじょう》をあらわしている。
2022-01-17,しばらくすると下女が来て寒月《かんげつ》さんがおいでになりましたという。
2022-01-18,この寒月という男はやはり主人の旧門下生であったそうだが、今では学校を卒業して、何でも主人より立派になっているという話《はな》しである。
2022-01-19,この男がどういう訳か、よく主人の所へ遊びに来る。
2022-01-20,来ると自分を恋《おも》っている女が有りそうな、無さそうな、世の中が面白そうな、つまらなそうな、凄《すご》いような艶《つや》っぽいような文句ばかり並べては帰る。
2022-01-21,主人のようなしなびかけた人間を求めて、わざわざこんな話しをしに来るのからして合点《がてん》が行かぬが、あの牡蠣的《かきてき》主人がそんな談話を聞いて時々｜相槌《あいづち》を打つのはなお面白い。
2022-01-22,「しばらく御無沙汰をしました。実は去年の暮から大《おおい》に活動しているものですから、出《で》よう出ようと思っても、ついこの方角へ足が向かないので」と羽織の紐《ひも》をひねくりながら謎《なぞ》見たような事をいう。
2022-01-23,「どっちの方角へ足が向くかね」と主人は真面目な顔をして、黒木綿《くろもめん》の紋付羽織の袖口《そでぐち》を引張る。
2022-01-24,この羽織は木綿でゆき［＃「ゆき」に傍点］が短かい、下からべんべら者が左右へ五分くらいずつはみ出している。
2022-01-25,「エヘヘヘ少し違った方角で」と寒月君が笑う。
2022-01-26,見ると今日は前歯が一枚欠けている。
2022-01-27,「君歯をどうかしたかね」と主人は問題を転じた。
2022-01-28,「ええ実はある所で椎茸《しいたけ》を食いましてね」「何を食ったって？」「その、少し椎茸を食ったんで。
2022-01-29,椎茸の傘《かさ》を前歯で噛み切ろうとしたらぼろりと歯が欠けましたよ」「椎茸で前歯がかけるなんざ、何だか爺々臭《じじいくさ》いね。
2022-01-30,俳句にはなるかも知れないが、恋にはならんようだな」と平手で吾輩の頭を軽《かろ》く叩く。
2022-01-31,「ああその猫が例のですか、なかなか肥ってるじゃありませんか、それなら車屋の黒にだって負けそうもありませんね、立派なものだ」と寒月君は大《おおい》に吾輩を賞《ほ》める。
2022-02-01,「近頃｜大分《だいぶ》大きくなったのさ」と自慢そうに頭をぽかぽかなぐる。
2022-02-02,賞められたのは得意であるが頭が少々痛い。
2022-02-03,「一昨夜もちょいと合奏会をやりましてね」と寒月君はまた話しをもとへ戻す。
2022-02-04,「どこで」
2022-02-05,「どこでもそりゃ御聞きにならんでもよいでしょう。ヴァイオリンが三｜挺《ちょう》とピヤノの伴奏でなかなか面白かったです。ヴァイオリンも三挺くらいになると下手でも聞かれるものですね。二人は女で私《わたし》がその中へまじりましたが、自分でも善く弾《ひ》けたと思いました」
2022-02-06,「ふん、そしてその女というのは何者かね」と主人は羨《うらや》ましそうに問いかける。
2022-02-07,元来主人は平常｜枯木寒巌《こぼくかんがん》のような顔付はしているものの実のところは決して婦人に冷淡な方ではない、かつて西洋の或る小説を読んだら、その中にある一人物が出て来て、それが大抵の婦人には必ずちょっと惚《ほ》れる。
2022-02-08,勘定をして見ると往来を通る婦人の七割弱［＃「七割弱」に傍点］には恋着《れんちゃく》するという事が諷刺的《ふうしてき》に書いてあったのを見て、これは真理だと感心したくらいな男である。
2022-02-09,そんな浮気な男が何故《なぜ》牡蠣的生涯を送っているかと云うのは吾輩猫などには到底《とうてい》分らない。
2022-02-10,或人は失恋のためだとも云うし、或人は胃弱のせいだとも云うし、また或人は金がなくて臆病な性質《たち》だからだとも云う。
2022-02-11,どっちにしたって明治の歴史に関係するほどな人物でもないのだから構わない。
2022-02-12,しかし寒月君の女連《おんなづ》れを羨まし気《げ》に尋ねた事だけは事実である。
2022-02-13,寒月君は面白そうに口取《くちとり》の蒲鉾《かまぼこ》を箸で挟んで半分前歯で食い切った。
2022-02-14,吾輩はまた欠けはせぬかと心配したが今度は大丈夫であった。
2022-02-15,「なに二人とも去《さ》る所の令嬢ですよ、御存じの方《かた》じゃありません」と余所余所《よそよそ》しい返事をする。
2022-02-16,「ナール」と主人は引張ったが「ほど」を略して考えている。
2022-02-17,寒月君はもう善《い》い加減な時分だと思ったものか「どうも好い天気ですな、御閑《おひま》ならごいっしょに散歩でもしましょうか、旅順が落ちたので市中は大変な景気ですよ」と促《うな》がして見る。
2022-02-18,主人は旅順の陥落より女連《おんなづれ》の身元を聞きたいと云う顔で、しばらく考え込んでいたがようやく決心をしたものと見えて「それじゃ出るとしよう」と思い切って立つ。
2022-02-19,やはり黒木綿の紋付羽織に、兄の紀念《かたみ》とかいう二十年来｜着古《きふ》るした結城紬《ゆうきつむぎ》の綿入を着たままである。
2022-02-20,いくら結城紬が丈夫だって、こう着つづけではたまらない。
2022-02-21,所々が薄くなって日に透かして見ると裏からつぎ［＃「つぎ」に傍点］を当てた針の目が見える。
2022-02-22,主人の服装には師走《しわす》も正月もない。
2022-02-23,ふだん着も余所《よそ》ゆきもない。
2022-02-24,出るときは懐手《ふところで》をしてぶらりと出る。
2022-02-25,ほかに着る物がないからか、有っても面倒だから着換えないのか、吾輩には分らぬ。
2022-02-26,ただしこれだけは失恋のためとも思われない。
2022-03-01,両人《ふたり》が出て行ったあとで、吾輩はちょっと失敬して寒月君の食い切った蒲鉾《かまぼこ》の残りを頂戴《ちょうだい》した。
2022-03-02,吾輩もこの頃では普通一般の猫ではない。
2022-03-03,まず桃川如燕《ももかわじょえん》以後の猫か、グレーの金魚を偸《ぬす》んだ猫くらいの資格は充分あると思う。
2022-03-04,車屋の黒などは固《もと》より眼中にない。
2022-03-05,蒲鉾の一切《ひときれ》くらい頂戴したって人からかれこれ云われる事もなかろう。
2022-03-06,それにこの人目を忍んで間食《かんしょく》をするという癖は、何も吾等猫族に限った事ではない。
2022-03-07,うちの御三《おさん》などはよく細君の留守中に餅菓子などを失敬しては頂戴し、頂戴しては失敬している。
2022-03-08,御三ばかりじゃない現に上品な仕付《しつけ》を受けつつあると細君から吹聴《ふいちょう》せられている小児《こども》ですらこの傾向がある。
2022-03-09,四五日前のことであったが、二人の小供が馬鹿に早くから眼を覚まして、まだ主人夫婦の寝ている間に対《むか》い合うて食卓に着いた。
2022-03-10,彼等は毎朝主人の食う麺麭《パン》の幾分に、砂糖をつけて食うのが例であるが、この日はちょうど砂糖壺《さとうつぼ》が卓《たく》の上に置かれて匙《さじ》さえ添えてあった。
2022-03-11,いつものように砂糖を分配してくれるものがないので、大きい方がやがて壺の中から一匙《ひとさじ》の砂糖をすくい出して自分の皿の上へあけた。
2022-03-12,すると小さいのが姉のした通り同分量の砂糖を同方法で自分の皿の上にあけた。
2022-03-13,少《しば》らく両人《りょうにん》は睨《にら》み合っていたが、大きいのがまた匙をとって一杯をわが皿の上に加えた。
2022-03-14,小さいのもすぐ匙をとってわが分量を姉と同一にした。
2022-03-15,すると姉がまた一杯すくった。
2022-03-16,妹も負けずに一杯を附加した。
2022-03-17,姉がまた壺へ手を懸ける、妹がまた匙をとる。
2022-03-18,見ている間《ま》に一杯一杯一杯と重なって、ついには両人《ふたり》の皿には山盛の砂糖が堆《うずたか》くなって、壺の中には一匙の砂糖も余っておらんようになったとき、主人が寝ぼけ眼《まなこ》を擦《こす》りながら寝室を出て来てせっかくしゃくい出した砂糖を元のごとく壺の中へ入れてしまった。
2022-03-19,こんなところを見ると、人間は利己主義から割り出した公平という念は猫より優《まさ》っているかも知れぬが、智慧《ちえ》はかえって猫より劣っているようだ。
2022-03-20,そんなに山盛にしないうちに早く甞《な》めてしまえばいいにと思ったが、例のごとく、吾輩の言う事などは通じないのだから、気の毒ながら御櫃《おはち》の上から黙って見物していた。
2022-03-21,　寒月君と出掛けた主人はどこをどう歩行《ある》いたものか、その晩遅く帰って来て、翌日食卓に就《つ》いたのは九時頃であった。
2022-03-22,例の御櫃の上から拝見していると、主人はだまって雑煮《ぞうに》を食っている。
2022-03-23,代えては食い、代えては食う。
2022-03-24,餅の切れは小さいが、何でも六切《むきれ》か七切《ななきれ》食って、最後の一切れを椀の中へ残して、もうよそうと箸《はし》を置いた。
2022-03-25,他人がそんな我儘《わがまま》をすると、なかなか承知しないのであるが、主人の威光を振り廻わして得意なる彼は、濁った汁の中に焦《こ》げ爛《ただ》れた餅の死骸を見て平気ですましている。
2022-03-26,妻君が袋戸《ふくろど》の奥からタカジヤスターゼを出して卓の上に置くと、主人は「それは利《き》かないから飲まん」という。
2022-03-27,「でもあなた澱粉質《でんぷんしつ》のものには大変功能があるそうですから、召し上ったらいいでしょう」と飲ませたがる。
2022-03-28,「澱粉だろうが何だろうが駄目だよ」と頑固《がんこ》に出る。
2022-03-29,「あなたはほんとに厭《あ》きっぽい」と細君が独言《ひとりごと》のようにいう。
2022-03-30,「厭きっぽいのじゃない薬が利かんのだ」
2022-03-31,「それだってせんだってじゅうは大変によく利くよく利くとおっしゃって毎日毎日上ったじゃありませんか」
2022-04-01,「こないだうちは利いたのだよ、この頃は利かないのだよ」と対句《ついく》のような返事をする。
2022-04-02,「そんなに飲んだり止《や》めたりしちゃ、いくら功能のある薬でも利く気遣《きづか》いはありません、もう少し辛防《しんぼう》がよくなくっちゃあ胃弱なんぞはほかの病気たあ違って直らないわねえ」とお盆を持って控えた御三《おさん》を顧みる。
2022-04-03,「それは本当のところでございます。
2022-04-04,もう少し召し上ってご覧にならないと、とても善《よ》い薬か悪い薬かわかりますまい」と御三は一も二もなく細君の肩を持つ。
2022-04-05,「何でもいい、飲まんのだから飲まんのだ、女なんかに何がわかるものか、黙っていろ」
2022-04-06,「どうせ女ですわ」と細君がタカジヤスターゼを主人の前へ突き付けて是非｜詰腹《つめばら》を切らせようとする。
2022-04-07,主人は何にも云わず立って書斎へ這入《はい》る。
2022-04-08,細君と御三は顔を見合せてにやにやと笑う。
2022-04-09,こんなときに後《あと》からくっ付いて行って膝《ひざ》の上へ乗ると、大変な目に逢《あ》わされるから、そっと庭から廻って書斎の椽側へ上《あが》って障子の隙《すき》から覗《のぞ》いて見ると、主人はエピクテタスとか云う人の本を披《ひら》いて見ておった。
2022-04-10,もしそれが平常《いつも》の通りわかるならちょっとえらいところがある。
2022-04-11,五六分するとその本を叩《たた》き付けるように机の上へ抛《ほう》り出す。
2022-04-12,大方そんな事だろうと思いながらなお注意していると、今度は日記帳を出して下《しも》のような事を書きつけた。
